{"entities":{"pages":{"-qi93n4_2":{"id":"-qi93n4_2","title":"modulo-0","level":0,"pages":["01 enveropment","00 intro"],"tabIndex":0},"01 enveropment":{"id":"01 enveropment","title":"Ambiente de Desenvolvimento","url":"01-enveropment.html","level":1,"parentId":"-qi93n4_2","tabIndex":0},"00 intro":{"id":"00 intro","title":"Intro","url":"00-intro.html","level":1,"parentId":"-qi93n4_2","pages":["02 init"],"tabIndex":1},"02 init":{"id":"02 init","title":"Hello World","url":"02-init.html","level":2,"parentId":"00 intro","tabIndex":0},"-qi93n4_3":{"id":"-qi93n4_3","title":"modulo-1","level":0,"pages":["00_estrutura_projeto","01_criando_componentes","02_interpolação_dados","03_css_no_angular","04_compartilhamento_dados","05_diretivas","06_eventos","07_emitindo_eventos copy","08_renderizar_listas copy","09_importancia_interfaces copy","10_pipe_operators copy","11_two_data_binding","12_services"],"tabIndex":1},"00_estrutura_projeto":{"id":"00_estrutura_projeto","title":"Estrutura do Angular","url":"00-estrutura-projeto.html","level":1,"parentId":"-qi93n4_3","tabIndex":0},"01_criando_componentes":{"id":"01_criando_componentes","title":"Criando componentes no Angular","url":"01-criando-componentes.html","level":1,"parentId":"-qi93n4_3","tabIndex":1},"02_interpolação_dados":{"id":"02_interpolação_dados","title":"Interpolação de Dados","url":"02-interpolação-dados.html","level":1,"parentId":"-qi93n4_3","tabIndex":2},"03_css_no_angular":{"id":"03_css_no_angular","title":"CSS no Angular","url":"03-css-no-angular.html","level":1,"parentId":"-qi93n4_3","tabIndex":3},"04_compartilhamento_dados":{"id":"04_compartilhamento_dados","title":"Compartilhamento de Dados","url":"04-compartilhamento-dados.html","level":1,"parentId":"-qi93n4_3","tabIndex":4},"05_diretivas":{"id":"05_diretivas","title":"Diretivas","url":"05-diretivas.html","level":1,"parentId":"-qi93n4_3","tabIndex":5},"06_eventos":{"id":"06_eventos","title":"Eventos","url":"06-eventos.html","level":1,"parentId":"-qi93n4_3","tabIndex":6},"07_emitindo_eventos copy":{"id":"07_emitindo_eventos copy","title":"Emitir Eventos","url":"07-emitindo-eventos-copy.html","level":1,"parentId":"-qi93n4_3","tabIndex":7},"08_renderizar_listas copy":{"id":"08_renderizar_listas copy","title":"Renderização de Listas","url":"08-renderizar-listas-copy.html","level":1,"parentId":"-qi93n4_3","tabIndex":8},"09_importancia_interfaces copy":{"id":"09_importancia_interfaces copy","title":"Importancia das Interfaces no Angular","url":"09-importancia-interfaces-copy.html","level":1,"parentId":"-qi93n4_3","tabIndex":9},"10_pipe_operators copy":{"id":"10_pipe_operators copy","title":"Pipe Operators","url":"10-pipe-operators-copy.html","level":1,"parentId":"-qi93n4_3","tabIndex":10},"11_two_data_binding":{"id":"11_two_data_binding","title":"Two Way Data Binding","url":"11-two-data-binding.html","level":1,"parentId":"-qi93n4_3","tabIndex":11},"12_services":{"id":"12_services","title":"Services","url":"12-services.html","level":1,"parentId":"-qi93n4_3","tabIndex":12}}},"topLevelIds":["-qi93n4_2","-qi93n4_3"]}